k,L,Step,Agent,Horizon,center_Position,center_Q,center_BestAction,up_Position,up_Q,up_BestAction,down_Position,down_Q,down_BestAction,left_Position,left_Q,left_BestAction,right_Position,right_Q,right_BestAction
1,10,0,0,1,"(3, 2)",[44.51881386 44.6022752  44.89811166 44.90377608 44.83156649],3,"(3, 1)",[45.54394983 44.0894015  44.0894015  -0.15155588 46.0721006 ],4,"(3, 3)",[48.5   47.015 47.015 47.015 50.   ],4,"(2, 2)",[45.54485   44.0894015 47.015     44.0894015 47.015    ],2,"(4, 2)",[45.54485    46.50344856 43.9072221  43.9072221  46.821     ],4
1,10,0,0,original qtable,"(3, 2)",[47.015      45.54485    45.54485    45.54402642 48.5       ],4,"(3, 1)",[45.54394983 44.0894015  44.0894015  -4.92045049 47.01493465],4,"(3, 3)",[48.5   47.015 47.015 47.015 50.   ],4,"(2, 2)",[45.54485   44.0894015 47.015     44.0894015 47.015    ],2,"(4, 2)",[45.54485   47.015     44.0894015 44.0894015 47.015    ],1
1,10,0,1,1,"(2, 3)",[44.70436615 45.00035122 44.52056365 44.5965477  44.87465516],1,"(2, 2)",[45.54484997 44.08940105 46.61869878 44.08940097 47.015     ],4,"(2, 4)",[45.54484997 44.08939924 46.62967688 46.69182288 44.08940131],3,"(1, 3)",[45.54484994 -0.05311403 46.23499357 44.08936102 44.08940083],2,"(3, 3)",[48.5        47.015      50.         46.76188016 46.99740096],2
1,10,0,1,original qtable,"(2, 3)",[47.015   45.54485 48.5     45.54485 45.54485],2,"(2, 2)",[45.54484997 44.08940105 46.61869878 44.08940097 47.015     ],4,"(2, 4)",[45.54484997 44.08939924 46.99480073 47.015      44.08940131],3,"(1, 3)",[45.54484994 -4.91059892 47.015      44.08936102 44.08940083],2,"(3, 3)",[48.5        47.015      50.         46.76188016 46.99740096],2
