k,L,Step,Agent,Horizon,center_Position,center_Q,center_BestAction,up_Position,up_Q,up_BestAction,down_Position,down_Q,down_BestAction,left_Position,left_Q,left_BestAction,right_Position,right_Q,right_BestAction
1,15,0,0,1,"(3, 2)",[44.40272279 44.243752   44.24227418 44.24528553 44.2040633 ],0,"(3, 1)",[45.21623009 44.0894015  44.0894015  -4.92045049 44.83473285],0,"(3, 3)",[48.5   47.015 47.015 47.015 50.   ],4,"(2, 2)",[45.54485   44.0894015 47.015     44.0894015 47.015    ],2,"(4, 2)",[45.54485    46.16017077 44.0894015  44.0894015  46.2205506 ],4
1,15,0,0,original qtable,"(3, 2)",[47.015      45.54485    45.54485    45.54402642 48.5       ],4,"(3, 1)",[45.54394983 44.0894015  44.0894015  -4.92045049 47.01493465],4,"(3, 3)",[48.5   47.015 47.015 47.015 50.   ],4,"(2, 2)",[45.54485   44.0894015 47.015     44.0894015 47.015    ],2,"(4, 2)",[45.54485   47.015     44.0894015 44.0894015 47.015    ],1
1,15,0,1,1,"(2, 3)",[44.07678772 44.33860339 44.17865646 43.69024169 44.29071252],1,"(2, 2)",[45.54484997 44.08940105 46.61869878 44.08940097 47.015     ],4,"(2, 4)",[45.35487105 44.08939924 46.47401882 45.67699039 44.08940131],2,"(1, 3)",[45.21712569 -4.91059892 44.96582957 44.08936102 44.08940083],0,"(3, 3)",[48.5        47.015      50.         46.76188016 46.99740096],2
1,15,0,1,original qtable,"(2, 3)",[47.015   45.54485 48.5     45.54485 45.54485],2,"(2, 2)",[45.54484997 44.08940105 46.61869878 44.08940097 47.015     ],4,"(2, 4)",[45.54484997 44.08939924 46.99480073 47.015      44.08940131],3,"(1, 3)",[45.54484994 -4.91059892 47.015      44.08936102 44.08940083],2,"(3, 3)",[48.5        47.015      50.         46.76188016 46.99740096],2
