k,L,Step,Agent,Horizon,center_Position,center_Q,center_BestAction,up_Position,up_Q,up_BestAction,down_Position,down_Q,down_BestAction,left_Position,left_Q,left_BestAction,right_Position,right_Q,right_BestAction
1,20,0,0,1,"(3, 2)",[43.76543277 43.9473373  43.95191765 44.2091945  43.89492235],3,"(3, 1)",[45.54394983 43.9072221  43.9072221  -4.92045049 45.35752957],0,"(3, 3)",[48.5   47.015 47.015 47.015 50.   ],4,"(2, 2)",[45.54485   44.0894015 47.015     44.0894015 47.015    ],2,"(4, 2)",[45.54485    46.01779235 43.9072221  43.9072221  46.00289599],1
1,20,0,0,original qtable,"(3, 2)",[47.015      45.54485    45.54485    45.54402642 48.5       ],4,"(3, 1)",[45.54394983 44.0894015  44.0894015  -4.92045049 47.01493465],4,"(3, 3)",[48.5   47.015 47.015 47.015 50.   ],4,"(2, 2)",[45.54485   44.0894015 47.015     44.0894015 47.015    ],2,"(4, 2)",[45.54485   47.015     44.0894015 44.0894015 47.015    ],1
1,20,0,1,1,"(2, 3)",[43.75831396 43.87238222 43.57589039 42.96456621 44.04178977],4,"(2, 2)",[45.54484997 44.08940105 46.61869878 44.08940097 47.015     ],4,"(2, 4)",[45.54484997 43.74325881 46.33392656 45.49685392 44.08940131],2,"(1, 3)",[44.89104006 -0.19277829 44.74700426 44.08936102 44.08940083],0,"(3, 3)",[48.5        47.015      50.         46.76188016 46.99740096],2
1,20,0,1,original qtable,"(2, 3)",[47.015   45.54485 48.5     45.54485 45.54485],2,"(2, 2)",[45.54484997 44.08940105 46.61869878 44.08940097 47.015     ],4,"(2, 4)",[45.54484997 44.08939924 46.99480073 47.015      44.08940131],3,"(1, 3)",[45.54484994 -4.91059892 47.015      44.08936102 44.08940083],2,"(3, 3)",[48.5        47.015      50.         46.76188016 46.99740096],2
